{"nodes": [[0.0, 0.0], [0.0, 1200.0], [2200.0, 250.0], [2200.0, 1200.0], [2950.0, 1200.0]], "beams": [[0, 1], [1, 3], [3, 2], [3, 4]], "A": [5000, 5000, 5000, 5000], "I": [4166666.6666666665, 4166666.6666666665, 4166666.6666666665, 4166666.6666666665], "E": [205000, 205000, 205000, 205000], "restrain": {"0": [1, 1, 1], "2": [1, 1, 1]}, "release": {}, "udl": {"1": [0.0, 2.0]}, "pl": {}}